,precision,recall,f1-score,support
0,0.9513081395348837,1.0,0.9750465549348231,1309.0
1,1.0,0.9030390738060782,0.9490494296577947,691.0
accuracy,0.9665,0.9665,0.9665,0.9665
macro avg,0.9756540697674418,0.9515195369030391,0.9620479922963089,2000.0
weighted avg,0.9681311773255813,0.9665,0.9660645481516098,2000.0
